,filename,label,number
0,5_14.jpg,0,5
1,5_28.jpg,0,5
2,2_35.jpg,0,2
3,3_106.jpg,0,3
4,5_29.jpg,0,5
5,5_15.jpg,0,5
6,5_17.jpg,0,5
7,2_36.jpg,0,2
8,2_114.jpg,0,2
9,4_150.jpg,0,4
10,2_37.jpg,0,2
11,5_16.jpg,0,5
12,5_12.jpg,0,5
13,2_111.jpg,0,2
14,2_110.jpg,0,2
15,4_155.jpg,0,4
16,4_141.jpg,0,4
17,5_13.jpg,0,5
18,5_39.jpg,0,5
19,5_11.jpg,0,5
20,4_92.jpg,0,4
21,2_112.jpg,0,2
22,4_9.jpg,0,4
23,2_113.jpg,0,2
24,4_156.jpg,0,4
25,4_93.jpg,0,4
26,3_65.jpg,0,3
27,5_10.jpg,0,5
28,5_38.jpg,0,5
29,2_25.jpg,0,2
30,2_56.jpg,0,2
31,2_95.jpg,0,2
32,4_23.jpg,0,4
33,4_131.jpg,0,4
34,3_8.jpg,0,3
35,4_22.jpg,0,4
36,2_57.jpg,0,2
37,2_69.jpg,0,2
38,2_55.jpg,0,2
39,5_48.jpg,0,5
40,2_96.jpg,0,2
41,2_97.jpg,0,2
42,5_49.jpg,0,5
43,2_68.jpg,0,2
44,2_50.jpg,0,2
45,2_44.jpg,0,2
46,2_78.jpg,0,2
47,2_87.jpg,0,2
48,5_8.jpg,0,5
49,4_30.jpg,0,4
50,5_9.jpg,0,5
51,2_86.jpg,0,2
52,2_79.jpg,0,2
53,2_45.jpg,0,2
54,2_47.jpg,0,2
55,3_149.jpg,0,3
56,4_27.jpg,0,4
57,2_46.jpg,0,2
58,5_42.jpg,0,5
59,2_77.jpg,0,2
60,5_7.jpg,0,5
61,4_16.jpg,0,4
62,4_138.jpg,0,4
63,3_1.jpg,0,3
64,4_139.jpg,0,4
65,4_17.jpg,0,4
66,5_6.jpg,0,5
67,2_89.jpg,0,2
68,2_76.jpg,0,2
69,2_62.jpg,0,2
70,5_43.jpg,0,5
71,2_48.jpg,0,2
72,5_41.jpg,0,5
73,5_4.jpg,0,5
74,2_143.jpg,0,2
75,5_5.jpg,0,5
76,2_61.jpg,0,2
77,2_75.jpg,0,2
78,5_54.jpg,0,5
79,2_49.jpg,0,2
80,5_40.jpg,0,5
81,5_44.jpg,0,5
82,2_59.jpg,0,2
83,5_50.jpg,0,5
84,5_1.jpg,0,5
85,4_10.jpg,0,4
86,3_142.jpg,0,3
87,2_153.jpg,0,2
88,2_152.jpg,0,2
89,4_117.jpg,0,4
90,3_157.jpg,0,3
91,2_58.jpg,0,2
92,5_51.jpg,0,5
93,5_45.jpg,0,5
94,2_70.jpg,0,2
95,5_53.jpg,0,5
96,5_47.jpg,0,5
97,5_2.jpg,0,5
98,2_99.jpg,0,2
99,4_129.jpg,0,4
100,2_145.jpg,0,2
101,2_98.jpg,0,2
102,5_3.jpg,0,5
103,5_46.jpg,0,5
104,5_52.jpg,0,5
105,2_67.jpg,0,2
106,5_35.jpg,0,5
107,5_21.jpg,0,5
108,2_14.jpg,0,2
109,3_40.jpg,0,3
110,3_133.jpg,0,3
111,3_127.jpg,0,3
112,2_123.jpg,0,2
113,3_132.jpg,0,3
114,4_74.jpg,0,4
115,2_15.jpg,0,2
116,5_20.jpg,0,5
117,5_34.jpg,0,5
118,5_22.jpg,0,5
119,5_36.jpg,0,5
120,4_158.jpg,0,4
121,2_121.jpg,0,2
122,4_6.jpg,0,4
123,2_120.jpg,0,2
124,5_37.jpg,0,5
125,5_23.jpg,0,5
126,5_27.jpg,0,5
127,5_33.jpg,0,5
128,4_2.jpg,0,4
129,4_3.jpg,0,4
130,5_32.jpg,0,5
131,5_26.jpg,0,5
132,5_18.jpg,0,5
133,5_30.jpg,0,5
134,5_24.jpg,0,5
135,2_7.jpg,0,2
136,4_162.jpg,0,4
137,4_0.jpg,0,4
138,4_163.jpg,0,4
139,5_25.jpg,0,5
140,2_38.jpg,0,2
141,5_31.jpg,0,5
142,5_19.jpg,0,5
